Address,Balance
0x0061AC9424935d2963dF694F8C29f246c6745Cf6,1.100000000000000001
0x7122db0ebe4eb9b434a9f2ffe6760bc03bfbd0e0,10.020000000000000001
0xf41399aac0d78cc955108e12916204d90faff875,100.003000000000000001
0x0d9326f283d8ca7eeea4d323d07a0c9c0ab1a192,1000.000400000000000001
0xd1b47490209ccb7a806e8a45d9479490c040abf4,10000.000050000000000001
0x3face0004bc1003b9d0672e7b23134cb80115fb6,100000.000006000000000001
0xf972c7edd78b945e9e089ca86ca2f601bc061a53,1000000.000000700000000001